{
  "fuselage_1": {
    "Name": "fuselage_1",
    "CG": [
      -219.56636122546016,
      0.0,
      19.090285967292782
    ],
    "MASS": 185.6406258571154,
    "Translation": [
      0.0,
      0.0,
      0.0
    ],
    "Rotation": [
      [
        1.0,
        0.0,
        0.0
      ],
      [
        0.0,
        1.0,
        0.0
      ],
      [
        0.0,
        0.0,
        1.0
      ]
    ]
  }
}