{
  "mid_tube_r": {
    "Name": "mid_tube_r",
    "CG": [
      0.0,
      0.0,
      70.00000000000001
    ],
    "MASS": 0.007949287752046489,
    "Translation": [
      -2.04241468513352e-15,
      10.16,
      10.159999999999998
    ],
    "Rotation": [
      [
        -2.6764391209584475e-33,
        -1.0,
        -6.123233995736766e-17
      ],
      [
        4.370956789862822e-17,
        -6.123233995736766e-17,
        1.0
      ],
      [
        -1.0,
        0.0,
        4.370956789862822e-17
      ]
    ]
  }
}