{
  "cylinder_0": {
    "Name": "cylinder_0",
    "CG": [
      1000.0001893049277,
      0.0,
      0.0
    ],
    "MASS": 7.7839875359746395,
    "Translation": [
      -1240.0,
      0.0,
      0.0
    ],
    "Rotation": [
      [
        -1.0,
        0.0,
        0.0
      ],
      [
        0.0,
        1.0,
        0.0
      ],
      [
        0.0,
        0.0,
        -1.0
      ]
    ]
  }
}