{
  "t_cross_mp_top_prop": {
    "Name": "t_cross_mp_top_prop",
    "CG": [
      0.0,
      0.0,
      59.055
    ],
    "MASS": 0.831,
    "Translation": [
      -1458.11,
      -6.795274889897134e-14,
      -1760.0
    ],
    "Rotation": [
      [
        2.4492935982947064e-16,
        -5.999032748690909e-32,
        1.0
      ],
      [
        -1.0,
        3.673937791810572e-16,
        2.4492935982947064e-16
      ],
      [
        -3.673937791810572e-16,
        -1.0,
        2.999519565323715e-32
      ]
    ]
  },
  "t_cross_mp_top_motor": {
    "Name": "t_cross_mp_top_motor",
    "CG": [
      0.0,
      70.0231557879992,
      0.00091554108992975
    ],
    "MASS": 35.0,
    "Translation": [
      -1340.0,
      -3.9024142209512564e-14,
      -1760.0
    ],
    "Rotation": [
      [
        -2.999519565323715e-32,
        1.0,
        2.4492935982947064e-16
      ],
      [
        2.4492935982947064e-16,
        2.4492935982947064e-16,
        -1.0
      ],
      [
        -1.0,
        2.999519565323715e-32,
        -2.4492935982947064e-16
      ]
    ]
  }
}