vehicle,drag_x,drag_y,drag_z,drag_cx,drag_cy,drag_cz
data_10,1349377.741831563,2162989.658781641,1585741.690635704,-139.92914407160947,6.041897617786224e-11,-530.2071565154653
