{
  "tbar_post_1": {
    "Name": "tbar_post_1",
    "CG": [
      249.99998895212968,
      0.0,
      0.0
    ],
    "MASS": 1.9395911911056019,
    "Translation": [
      -425.0,
      -299.99999999999994,
      359.9999999999999
    ],
    "Rotation": [
      [
        -1.0,
        2.4492935982947064e-16,
        2.999519565323715e-32
      ],
      [
        2.4492935982947064e-16,
        1.0,
        3.6739403974420594e-16
      ],
      [
        5.99903913064743e-32,
        3.6739403974420594e-16,
        -1.0
      ]
    ]
  },
  "tbar_cross_1": {
    "Name": "tbar_cross_1",
    "CG": [
      249.99998895212968,
      0.0,
      0.0
    ],
    "MASS": 1.9395911911056019,
    "Translation": [
      -675.0,
      -249.9999999999999,
      359.9999999999999
    ],
    "Rotation": [
      [
        2.4492935982947064e-16,
        7.498798913309288e-32,
        -1.0
      ],
      [
        1.0,
        5.51091059616309e-16,
        2.4492935982947064e-16
      ],
      [
        5.51091059616309e-16,
        -1.0,
        5.99903913064743e-32
      ]
    ]
  }
}