vehicle,drag_x,drag_y,drag_z,drag_cx,drag_cy,drag_cz,front_wing_tube_r_LENGTH,rear_rail_r_LENGTH,rudder_tube_r_LENGTH,top_leg_l_LENGTH,vertical_l_LENGTH,front_wing_tube_l_LENGTH,rear_rail_l_LENGTH,bottom_leg_l_LENGTH,top_leg_r_LENGTH,front_rail_l_LENGTH,rudder_tube_l_LENGTH,bottom_leg_r_LENGTH,mid_tube_r_LENGTH,mid_tube_l_LENGTH,vertical_r_LENGTH,front_rail_r_LENGTH
axe,15163.45431936204,46998.0094886151,43753.79585521831,-146.86737340326764,0.5262701690471808,-43.020014895103046,38.939377854667846,207.64846276724896,55.15361343627097,136.55257042080586,168.13979367733765,57.40953685630926,214.61643317377857,137.56270483023883,134.35447943706887,76.31091631947955,36.58307477801823,148.47698460653962,143.07830830217785,159.14077005140294,159.74408526991908,98.60440063258417
axe,15606.910649942402,46943.997782442355,43595.38445390609,-147.0419438113836,0.6099799977762784,-42.6570979867287,38.1969534751976,205.67151743165044,65.81457575219719,118.71779968106064,174.2314585922732,61.17719532492572,216.244125482488,147.6046957036623,127.11987647694505,60.11798631797561,49.81079384393762,163.04520200703797,163.0721302679671,158.23751234306638,142.92454361311033,103.13496648032546
axe,14919.302179613225,46740.0126058919,43392.46246752142,-146.64633326098954,-0.46592809777137345,-43.058998562229014,37.470150077507654,216.2926894187981,46.867026548774895,127.6425991970972,178.35602614935883,42.99712888650363,227.50774976195527,148.27749953746772,120.03834531916795,47.51824927029574,54.366397269738926,167.65240555196152,159.1284189887037,149.47121635648088,142.2544048596916,98.60898682557098
