vehicle,drag_x,drag_y,drag_z,drag_cx,drag_cy,drag_cz,front_wing_tube_r_LENGTH,rear_rail_r_LENGTH,rudder_tube_r_LENGTH,top_leg_l_LENGTH,vertical_l_LENGTH,front_wing_tube_l_LENGTH,rear_rail_l_LENGTH,bottom_leg_l_LENGTH,top_leg_r_LENGTH,front_rail_l_LENGTH,rudder_tube_l_LENGTH,bottom_leg_r_LENGTH,mid_tube_r_LENGTH,mid_tube_l_LENGTH,vertical_r_LENGTH,front_rail_r_LENGTH
axe,14583.108949431264,46649.82717722938,43907.44626924179,-146.69495820157968,-0.362215219808433,-42.804641555588006,36.25160179922817,220.29029897843873,55.95950934523289,155.59484755917381,148.47233032258137,49.67617529923891,231.45567255541727,144.86628006602118,134.82584206776983,67.80594736139116,55.00087062540685,160.05607615285794,125.54700912109226,159.90814037674173,149.01405988481412,92.14392881534438
axe,14604.61506865398,47038.86976930445,43935.041907150335,-147.05879177897415,-1.2154866606715724,-42.76999770477967,50.14143978900826,226.35626579776385,50.41407301188923,165.9555775174766,139.24019287184817,43.19568517516037,240.14892697990732,161.77592726067962,141.97017024567864,68.24728551190049,69.44828048021736,141.6562338656333,113.81444376961147,149.34813061226467,147.46988663026767,109.11699392006241
axe,15276.289801747826,47261.24045259574,43703.00734438433,-146.16988182442154,-0.21299535897238084,-42.565288708518864,67.99927651703236,217.8914194208946,60.49416376418494,179.71295602555242,155.1970591994734,61.17346053804076,238.52528938291215,158.31250793911792,139.89437524751617,52.16519139261025,63.50565754485847,135.33621110541532,131.22672148786648,145.28455351749614,145.79519058497837,99.59286403921591
