vehicle,drag_x,drag_y,drag_z,drag_cx,drag_cy,drag_cz,front_wing_tube_r_LENGTH,rear_rail_r_LENGTH,rudder_tube_r_LENGTH,top_leg_l_LENGTH,vertical_l_LENGTH,front_wing_tube_l_LENGTH,rear_rail_l_LENGTH,bottom_leg_l_LENGTH,top_leg_r_LENGTH,front_rail_l_LENGTH,rudder_tube_l_LENGTH,bottom_leg_r_LENGTH,mid_tube_r_LENGTH,mid_tube_l_LENGTH,vertical_r_LENGTH,front_rail_r_LENGTH
axe,15195.352303688771,47935.01084918951,44434.368499691314,-146.31181394821357,-0.7674615661214546,-42.66611842581161,59.67277410934104,229.7345117739147,45.19885015888756,161.13100455743546,152.89567010715066,60.9157803857196,207.17227809485445,161.02230904009045,155.479881152804,91.99625652596886,48.375832749284044,157.32565528201744,143.84243034001713,159.40404800393654,151.8629757738841,67.6507200930756
axe,15135.383544741051,47401.75003923786,43795.62051257321,-146.79260385251067,-0.670279722893921,-42.48009598319702,45.43226740606125,211.7656135518867,49.831246137327945,162.81532260064247,153.979954166698,72.90978116119062,202.51142704710722,164.06672114150442,141.90127083409666,88.02939999625464,35.46223804960657,141.77265419432882,127.44820151533429,148.48928792535764,138.787280159106,74.16450825060579
axe,15253.99942253582,46260.30045118482,43997.671650979406,-147.83667003972275,0.04929023089791128,-42.306633484346484,28.27385832143563,192.60317925287893,37.69756866810515,149.98625185353936,140.56074938475703,58.24899764618943,201.96978784388403,147.83338153933244,141.615745610408,72.95552768691051,40.96330003112342,141.94378760585164,146.67446614162301,157.20289276327628,138.30713952571188,82.28423424233026
