vehicle,drag_x,drag_y,drag_z,drag_cx,drag_cy,drag_cz
axe,14575.560526991574,47045.59618954296,43699.825285882,-146.11888044573334,6.751999653576034e-14,-43.0362583891534
