vehicle,drag_x,drag_y,drag_z,drag_cx,drag_cy,drag_cz,front_wing_tube_r_LENGTH,rear_rail_r_LENGTH,rudder_tube_r_LENGTH,top_leg_l_LENGTH,vertical_l_LENGTH,front_wing_tube_l_LENGTH,rear_rail_l_LENGTH,bottom_leg_l_LENGTH,top_leg_r_LENGTH,front_rail_l_LENGTH,rudder_tube_l_LENGTH,bottom_leg_r_LENGTH,mid_tube_r_LENGTH,mid_tube_l_LENGTH,vertical_r_LENGTH,front_rail_r_LENGTH
axe,14901.230406919856,47399.222504690566,43694.85415684777,-146.4999813368503,-0.39320364193466584,-42.75316681264002,51.08374856793155,209.1876189167223,27.013416038561594,143.67694238294234,135.01070523324876,63.229253140423495,235.90072505096322,130.2953912258818,169.4266590588038,72.48524313005593,60.990737218545945,161.38764870358386,144.89443471385522,132.05563761757,156.99253220101906,73.28680371516812
axe,14706.136537581524,47246.0870002884,43812.95108244521,-147.08024143421162,-0.5212006131907894,-42.73534383489516,54.35967015095312,199.52748459128878,7.919665500084619,154.1780952289769,144.47826953951773,46.39016965502921,248.21806130262894,126.55598014828772,160.7502129435589,71.95934208205594,56.5367733498193,177.08907525243086,133.26528733643988,139.14263449641075,137.2327504409302,91.95885111900546
axe,14389.595113367608,46989.85724016666,43741.66680747578,-147.92488106650703,0.09808057667360517,-43.02475150139063,41.280250866768945,195.38292473490853,25.016132219077626,134.37398004752106,163.1498533315308,37.92510152645201,238.57693696650193,143.54726499384367,157.62888973578802,75.01774473908706,40.166117441143264,175.750710787533,114.19089048469569,133.58098785170353,141.4895621643048,85.78007793249648
