{
  "main_hub": {
    "Name": "main_hub",
    "CG": [
      5.297554136456226,
      0.0,
      0.0
    ],
    "MASS": 0.019297311395868138,
    "Translation": [
      0.0,
      0.0,
      10.159999999999998
    ],
    "Rotation": [
      [
        -0.7071067811865475,
        0.0,
        -0.7071067811865475
      ],
      [
        0.7071067811865475,
        0.0,
        -0.7071067811865475
      ],
      [
        0.0,
        -0.9999999999999998,
        0.0
      ]
    ]
  },
  "cargo_case": {
    "Name": "cargo_case",
    "CG": [
      0.0,
      0.0,
      63.49142271053087
    ],
    "MASS": 0.10000000000000003,
    "Translation": [
      0.0,
      0.0,
      175.32
    ],
    "Rotation": [
      [
        0.7071067811865475,
        0.7071067811865475,
        0.0
      ],
      [
        0.7071067811865475,
        -0.7071067811865475,
        0.0
      ],
      [
        0.0,
        0.0,
        -1.0
      ]
    ]
  },
  "cargo": {
    "Name": "cargo",
    "CG": [
      0.0,
      0.0,
      56.250003082211144
    ],
    "MASS": 0.001,
    "Translation": [
      0.0,
      0.0,
      59.81999999999999
    ],
    "Rotation": [
      [
        -0.7071067811865475,
        0.7071067811865475,
        0.0
      ],
      [
        -0.7071067811865475,
        -0.7071067811865475,
        0.0
      ],
      [
        0.0,
        0.0,
        1.0
      ]
    ]
  },
  "fuselage": {
    "Name": "fuselage",
    "CG": [
      0.0,
      0.0,
      6.258849690514032
    ],
    "MASS": 1.0672195489068652,
    "Translation": [
      0.0,
      0.0,
      -60.5
    ],
    "Rotation": [
      [
        1.0,
        0.0,
        0.0
      ],
      [
        0.0,
        1.0,
        0.0
      ],
      [
        0.0,
        0.0,
        1.0
      ]
    ]
  },
  "Current": {
    "Name": "Current",
    "CG": [
      0.0,
      0.0,
      3.000000567988101
    ],
    "MASS": 0.0201,
    "Translation": [
      -160.0,
      -18.0,
      -18.0
    ],
    "Rotation": [
      [
        -6.123233995736766e-17,
        1.0,
        0.0
      ],
      [
        1.0,
        6.123233995736766e-17,
        0.0
      ],
      [
        0.0,
        0.0,
        -1.0
      ]
    ]
  },
  "RpmTemp": {
    "Name": "RpmTemp",
    "CG": [
      0.0,
      0.0,
      1.0000003375699313
    ],
    "MASS": 0.0067,
    "Translation": [
      -160.0,
      13.0,
      -18.0
    ],
    "Rotation": [
      [
        -6.123233995736766e-17,
        1.0,
        0.0
      ],
      [
        1.0,
        6.123233995736766e-17,
        0.0
      ],
      [
        0.0,
        0.0,
        -1.0
      ]
    ]
  },
  "Battery_1": {
    "Name": "Battery_1",
    "CG": [
      0.0,
      34.49741170904432,
      0.007677556619129611
    ],
    "MASS": 1.14,
    "Translation": [
      0.0,
      30.0,
      -18.0
    ],
    "Rotation": [
      [
        0.0,
        0.0,
        -1.0
      ],
      [
        1.0,
        0.0,
        0.0
      ],
      [
        0.0,
        -1.0,
        0.0
      ]
    ]
  },
  "Voltage": {
    "Name": "Voltage",
    "CG": [
      0.0,
      0.0,
      3.000000519311542
    ],
    "MASS": 0.006,
    "Translation": [
      155.0,
      18.0,
      -18.0
    ],
    "Rotation": [
      [
        -6.123233995736766e-17,
        1.0,
        0.0
      ],
      [
        1.0,
        6.123233995736766e-17,
        0.0
      ],
      [
        0.0,
        0.0,
        -1.0
      ]
    ]
  },
  "Battery_2": {
    "Name": "Battery_2",
    "CG": [
      0.0,
      34.49741170904432,
      0.007677556619129611
    ],
    "MASS": 1.14,
    "Translation": [
      0.0,
      -30.0,
      -18.0
    ],
    "Rotation": [
      [
        0.0,
        0.0,
        -1.0
      ],
      [
        1.0,
        0.0,
        0.0
      ],
      [
        0.0,
        -1.0,
        0.0
      ]
    ]
  },
  "GPS": {
    "Name": "GPS",
    "CG": [
      0.0,
      0.0,
      7.9000014227143245
    ],
    "MASS": 0.033,
    "Translation": [
      -120.0,
      0.0,
      -18.0
    ],
    "Rotation": [
      [
        -1.0,
        0.0,
        0.0
      ],
      [
        0.0,
        1.0,
        0.0
      ],
      [
        0.0,
        0.0,
        -1.0
      ]
    ]
  },
  "Autopilot": {
    "Name": "Autopilot",
    "CG": [
      0.0,
      0.0,
      6.000001938618068
    ],
    "MASS": 0.049,
    "Translation": [
      115.0,
      0.0,
      -18.0
    ],
    "Rotation": [
      [
        -6.123233995736766e-17,
        1.0,
        0.0
      ],
      [
        1.0,
        6.123233995736766e-17,
        0.0
      ],
      [
        0.0,
        0.0,
        -1.0
      ]
    ]
  },
  "Variometer": {
    "Name": "Variometer",
    "CG": [
      0.0,
      0.0,
      3.000000567988101
    ],
    "MASS": 0.0031,
    "Translation": [
      155.0,
      -18.0,
      -18.0
    ],
    "Rotation": [
      [
        -6.123233995736766e-17,
        1.0,
        0.0
      ],
      [
        1.0,
        6.123233995736766e-17,
        0.0
      ],
      [
        0.0,
        0.0,
        -1.0
      ]
    ]
  },
  "Orient": {
    "Name": "Orient",
    "CG": [
      0.0,
      0.0,
      0.0
    ],
    "MASS": 1e-07,
    "Translation": [
      0.0,
      0.0,
      0.0
    ],
    "Rotation": [
      [
        1.0,
        0.0,
        0.0
      ],
      [
        0.0,
        1.0,
        0.0
      ],
      [
        0.0,
        0.0,
        1.0
      ]
    ]
  }
}