{
  "front_right_wing": {
    "Name": "front_right_wing",
    "CG": [
      63.09814408802302,
      0.0,
      224.8910640761602
    ],
    "MASS": 0.022974968598573696,
    "Translation": [
      132.74000000000004,
      450.0,
      46.08930605185173
    ],
    "Rotation": [
      [
        -1.0,
        -4.014658681437671e-33,
        -1.2246467991473532e-16
      ],
      [
        1.2246467991473532e-16,
        1.2679669180530997e-16,
        -1.0
      ],
      [
        1.9542774957622298e-32,
        -1.0,
        -1.2679669180530997e-16
      ]
    ]
  },
  "rear_left_wing": {
    "Name": "rear_left_wing",
    "CG": [
      75.69117862466956,
      0.0,
      304.6494312492164
    ],
    "MASS": 0.04481843206230888,
    "Translation": [
      -195.3199999999999,
      0.0,
      -100.69283880183563
    ],
    "Rotation": [
      [
        -1.0,
        2.2740658777073115e-16,
        -3.498712676854665e-16
      ],
      [
        3.498712676854665e-16,
        -1.7522772058739472e-17,
        -1.0
      ],
      [
        -2.2740658777073115e-16,
        -1.0,
        1.7522772058739392e-17
      ]
    ]
  }
}