{
  "capsule_fuselage": {
    "Name": "capsule_fuselage",
    "CG": [
      -50.00000000010174,
      0.0,
      4.0073267912175625
    ],
    "MASS": 0.3953161166670554,
    "Translation": [
      50.0,
      0.0,
      -43.1
    ],
    "Rotation": [
      [
        1.0,
        0.0,
        0.0
      ],
      [
        0.0,
        1.0,
        0.0
      ],
      [
        0.0,
        0.0,
        1.0
      ]
    ]
  }
}