{
  "cross_bar_1": {
    "Name": "cross_bar_1",
    "CG": [
      49.99999996574156,
      0.0,
      0.0
    ],
    "MASS": 0.3809882905275805,
    "Translation": [
      -75.0,
      -1.6342482922482304e-13,
      760.0
    ],
    "Rotation": [
      [
        0.0,
        0.0,
        -1.0
      ],
      [
        -2.4492935982947064e-16,
        1.0,
        0.0
      ],
      [
        1.0,
        2.4492935982947064e-16,
        0.0
      ]
    ]
  },
  "cross_bar_1_LEFT": {
    "Name": "cross_bar_1_LEFT",
    "CG": [
      249.99998895212968,
      0.0,
      0.0
    ],
    "MASS": 1.9395911911056019,
    "Translation": [
      -74.99999999999999,
      -50.00000000000018,
      810.0
    ],
    "Rotation": [
      [
        -6.123233995736766e-17,
        1.0,
        0.0
      ],
      [
        -1.0,
        -6.123233995736766e-17,
        -2.4492935982947064e-16
      ],
      [
        -2.4492935982947064e-16,
        -1.4997597826618576e-32,
        1.0
      ]
    ]
  },
  "cross_bar_1_BOTTOM": {
    "Name": "cross_bar_1_BOTTOM",
    "CG": [
      249.99998895212968,
      0.0,
      0.0
    ],
    "MASS": 1.9395911911056019,
    "Translation": [
      -25.0,
      -1.7567129721629658e-13,
      810.0
    ],
    "Rotation": [
      [
        1.0,
        1.2246467991473532e-16,
        0.0
      ],
      [
        -1.2246467991473532e-16,
        1.0,
        -2.4492935982947064e-16
      ],
      [
        -2.999519565323715e-32,
        2.4492935982947064e-16,
        1.0
      ]
    ]
  },
  "cross_bar_1_TOP": {
    "Name": "cross_bar_1_TOP",
    "CG": [
      249.99998895212968,
      0.0,
      0.0
    ],
    "MASS": 1.9395911911056019,
    "Translation": [
      -125.0,
      -1.7567129721629658e-13,
      810.0
    ],
    "Rotation": [
      [
        -1.0,
        0.0,
        0.0
      ],
      [
        0.0,
        -1.0,
        -2.4492935982947064e-16
      ],
      [
        0.0,
        -2.4492935982947064e-16,
        1.0
      ]
    ]
  },
  "cross_bar_1_RIGHT": {
    "Name": "cross_bar_1_RIGHT",
    "CG": [
      249.99998895212968,
      0.0,
      0.0
    ],
    "MASS": 1.9395911911056019,
    "Translation": [
      -75.0,
      49.99999999999982,
      810.0
    ],
    "Rotation": [
      [
        1.8369701987210297e-16,
        -1.0,
        0.0
      ],
      [
        1.0,
        1.8369701987210297e-16,
        -2.4492935982947064e-16
      ],
      [
        2.4492935982947064e-16,
        4.499279347985573e-32,
        1.0
      ]
    ]
  }
}