{
  "base_rail_bottom": {
    "Name": "base_rail_bottom",
    "CG": [
      500.0000410528325,
      0.0,
      0.0
    ],
    "MASS": 3.887774502129468,
    "Translation": [
      425.0,
      -1.511783612333495e-13,
      710.0
    ],
    "Rotation": [
      [
        -1.0,
        0.0,
        0.0
      ],
      [
        0.0,
        -1.0,
        -2.4492935982947064e-16
      ],
      [
        0.0,
        -2.4492935982947064e-16,
        1.0
      ]
    ]
  }
}