{
  "fuselage_1": {
    "Name": "fuselage_1",
    "CG": [
      -219.56636122546016,
      0.0,
      19.090285967292782
    ],
    "MASS": 185.6406258571154,
    "Translation": [
      0.0,
      0.0,
      0.0
    ],
    "Rotation": [
      [
        1.0,
        0.0,
        0.0
      ],
      [
        0.0,
        1.0,
        0.0
      ],
      [
        0.0,
        0.0,
        1.0
      ]
    ]
  },
  "base_rail_rear": {
    "Name": "base_rail_rear",
    "CG": [
      500.0000410528325,
      0.0,
      0.0
    ],
    "MASS": 3.887774502129468,
    "Translation": [
      -1190.0,
      -9.184850993605149e-15,
      500.0
    ],
    "Rotation": [
      [
        0.0,
        -1.0,
        1.8369701987210297e-16
      ],
      [
        0.0,
        1.8369701987210297e-16,
        1.0
      ],
      [
        -1.0,
        0.0,
        0.0
      ]
    ]
  },
  "base_rail_bottom": {
    "Name": "base_rail_bottom",
    "CG": [
      500.0000410528325,
      0.0,
      0.0
    ],
    "MASS": 3.887774502129468,
    "Translation": [
      425.0,
      -1.511783612333495e-13,
      710.0
    ],
    "Rotation": [
      [
        -1.0,
        0.0,
        0.0
      ],
      [
        0.0,
        -1.0,
        -2.4492935982947064e-16
      ],
      [
        0.0,
        -2.4492935982947064e-16,
        1.0
      ]
    ]
  },
  "cross_bar_1": {
    "Name": "cross_bar_1",
    "CG": [
      49.99999996574156,
      0.0,
      0.0
    ],
    "MASS": 0.3809882905275805,
    "Translation": [
      -75.0,
      -1.6342482922482304e-13,
      760.0
    ],
    "Rotation": [
      [
        0.0,
        0.0,
        -1.0
      ],
      [
        -2.4492935982947064e-16,
        1.0,
        0.0
      ],
      [
        1.0,
        2.4492935982947064e-16,
        0.0
      ]
    ]
  },
  "cross_bar_1_LEFT": {
    "Name": "cross_bar_1_LEFT",
    "CG": [
      249.99998895212968,
      0.0,
      0.0
    ],
    "MASS": 1.9395911911056019,
    "Translation": [
      -74.99999999999999,
      -50.00000000000018,
      810.0
    ],
    "Rotation": [
      [
        -6.123233995736766e-17,
        1.0,
        0.0
      ],
      [
        -1.0,
        -6.123233995736766e-17,
        -2.4492935982947064e-16
      ],
      [
        -2.4492935982947064e-16,
        -1.4997597826618576e-32,
        1.0
      ]
    ]
  },
  "cross_bar_2": {
    "Name": "cross_bar_2",
    "CG": [
      49.99999996574156,
      0.0,
      0.0
    ],
    "MASS": 0.3809882905275805,
    "Translation": [
      -75.0,
      -300.00000000000017,
      859.9999999999999
    ],
    "Rotation": [
      [
        0.0,
        -1.0,
        -6.123233995736766e-17
      ],
      [
        -2.4492935982947064e-16,
        6.123233995736766e-17,
        -1.0
      ],
      [
        1.0,
        1.4997597826618576e-32,
        -2.4492935982947064e-16
      ]
    ]
  },
  "cross_bar_2_BOTTOM": {
    "Name": "cross_bar_2_BOTTOM",
    "CG": [
      249.99998895212968,
      0.0,
      0.0
    ],
    "MASS": 1.9395911911056019,
    "Translation": [
      -75.0,
      -250.00000000000017,
      909.9999999999999
    ],
    "Rotation": [
      [
        1.8369701987210297e-16,
        -1.0,
        0.0
      ],
      [
        1.0,
        1.8369701987210297e-16,
        -2.4492935982947064e-16
      ],
      [
        2.4492935982947064e-16,
        4.499279347985573e-32,
        1.0
      ]
    ]
  },
  "cross_bar_2_TOP": {
    "Name": "cross_bar_2_TOP",
    "CG": [
      249.99998895212968,
      0.0,
      0.0
    ],
    "MASS": 1.9395911911056019,
    "Translation": [
      -75.0,
      -350.00000000000017,
      909.9999999999999
    ],
    "Rotation": [
      [
        -6.123233995736766e-17,
        1.0,
        0.0
      ],
      [
        -1.0,
        -6.123233995736766e-17,
        -2.4492935982947064e-16
      ],
      [
        -2.4492935982947064e-16,
        -1.4997597826618576e-32,
        1.0
      ]
    ]
  },
  "cross_bar_2_LEFT": {
    "Name": "cross_bar_2_LEFT",
    "CG": [
      249.99998895212968,
      0.0,
      0.0
    ],
    "MASS": 1.9395911911056019,
    "Translation": [
      -25.0,
      -300.00000000000017,
      909.9999999999999
    ],
    "Rotation": [
      [
        1.0,
        1.2246467991473532e-16,
        0.0
      ],
      [
        -1.2246467991473532e-16,
        1.0,
        -2.4492935982947064e-16
      ],
      [
        -2.999519565323715e-32,
        2.4492935982947064e-16,
        1.0
      ]
    ]
  },
  "cross_bar_2_RIGHT": {
    "Name": "cross_bar_2_RIGHT",
    "CG": [
      249.99998895212968,
      0.0,
      0.0
    ],
    "MASS": 1.9395911911056019,
    "Translation": [
      -125.0,
      -300.00000000000017,
      909.9999999999999
    ],
    "Rotation": [
      [
        -1.0,
        -2.4492935982947064e-16,
        0.0
      ],
      [
        2.4492935982947064e-16,
        -1.0,
        -2.4492935982947064e-16
      ],
      [
        5.99903913064743e-32,
        -2.4492935982947064e-16,
        1.0
      ]
    ]
  },
  "rail_1": {
    "Name": "rail_1",
    "CG": [
      500.0000410528325,
      0.0,
      0.0
    ],
    "MASS": 3.887774502129468,
    "Translation": [
      -375.0,
      -300.0000000000001,
      859.9999999999999
    ],
    "Rotation": [
      [
        2.999519565323715e-32,
        -2.4492935982947064e-16,
        -1.0
      ],
      [
        3.6739403974420594e-16,
        -1.0,
        2.4492935982947064e-16
      ],
      [
        -1.0,
        -3.6739403974420594e-16,
        5.99903913064743e-32
      ]
    ]
  },
  "tbar_post_1": {
    "Name": "tbar_post_1",
    "CG": [
      249.99998895212968,
      0.0,
      0.0
    ],
    "MASS": 1.9395911911056019,
    "Translation": [
      -425.0,
      -299.99999999999994,
      359.9999999999999
    ],
    "Rotation": [
      [
        -1.0,
        2.4492935982947064e-16,
        2.999519565323715e-32
      ],
      [
        2.4492935982947064e-16,
        1.0,
        3.6739403974420594e-16
      ],
      [
        5.99903913064743e-32,
        3.6739403974420594e-16,
        -1.0
      ]
    ]
  },
  "tbar_cross_1": {
    "Name": "tbar_cross_1",
    "CG": [
      249.99998895212968,
      0.0,
      0.0
    ],
    "MASS": 1.9395911911056019,
    "Translation": [
      -675.0,
      -249.9999999999999,
      359.9999999999999
    ],
    "Rotation": [
      [
        2.4492935982947064e-16,
        7.498798913309288e-32,
        -1.0
      ],
      [
        1.0,
        5.51091059616309e-16,
        2.4492935982947064e-16
      ],
      [
        5.51091059616309e-16,
        -1.0,
        5.99903913064743e-32
      ]
    ]
  },
  "rail_2": {
    "Name": "rail_2",
    "CG": [
      500.0000410528325,
      0.0,
      0.0
    ],
    "MASS": 3.887774502129468,
    "Translation": [
      -624.9999999999999,
      1.1368683772161603e-13,
      360.0
    ],
    "Rotation": [
      [
        1.0,
        1.224646799147354e-16,
        2.4492935982947064e-16
      ],
      [
        -2.449293598294707e-16,
        5.51091059616309e-16,
        1.0
      ],
      [
        1.2246467991473527e-16,
        -1.0,
        5.51091059616309e-16
      ]
    ]
  },
  "cross_bar_1_RIGHT": {
    "Name": "cross_bar_1_RIGHT",
    "CG": [
      249.99998895212968,
      0.0,
      0.0
    ],
    "MASS": 1.9395911911056019,
    "Translation": [
      -75.0,
      49.99999999999982,
      810.0
    ],